RMS,Kurtosis,Peak_to_Peak,Skewness
0.07417899856512623,0.6292092021170044,0.8400000000000001,0.083999587851269
0.07538245681139528,0.6487424093070309,0.757,0.05214572667612897
0.07622977446919937,0.5138937170258222,0.903,0.032810401269489885
0.07872367646602974,1.1585285019885925,1.184,0.04148900052311136
0.07847429073677968,0.6036172404933771,0.782,0.028226011745099387
0.07831464139380723,0.45649801800150813,0.8049999999999999,0.026854939255925688
0.07863244325857172,0.4790248714887766,0.796,0.058598871147554674
0.07777288022464836,0.47239073136216936,0.749,0.08258786699415814
0.07902942984262255,0.4049061226193671,0.747,-0.008060884119540326
0.07571755989830314,0.32557575032762953,0.722,0.04632445991869034
0.07924111648011797,0.45561611311583317,0.815,0.033522202051255556
0.077638908086269,0.6419647483524056,0.913,0.019566731271746428
0.07740458087623109,0.36510812429231887,0.778,0.02577194273286153
0.07986468720103242,0.5986922642359724,0.852,0.03675248339817481
0.07921698007145074,0.5515379564037981,0.8049999999999999,0.024889549212417865
0.07866177721938719,0.5534797335794157,0.725,-0.013484601656440259
0.07845338360094803,0.48037632487840476,0.8200000000000001,0.016456736687111142
0.07762277416041877,0.44815124004968876,0.849,0.02039200448378615
0.07782555832949016,0.3418217176820537,0.761,0.0035140885281223348
0.07893316063389487,0.5968683165729933,0.874,-0.03212592484429242
0.07902854786058722,0.5067967867356327,0.8029999999999999,0.06155749373143855
0.07936328499916932,0.3847937352068196,0.742,0.03774691116421261
0.07948672040475141,0.41536679797736253,0.6859999999999999,0.01970919744356031
0.07975294340914242,0.5204940512938818,0.759,-0.038521716567523095
0.07938138784581765,0.4850924186751264,0.85,-0.03655185430630275
0.07759187944533484,0.3103442676736252,0.7130000000000001,0.026621722239063856
0.07774099563514575,0.3684250157339868,0.732,0.0013371268977277692
0.07751394405806931,0.4046000652526254,0.769,-0.03267304141278204
0.07827954401833694,0.3423682474834888,0.735,0.03369934430576653
0.07886118143611597,0.5354437327065127,0.871,-0.006817988252793706
0.07858236746600665,0.48945715298742787,0.803,-0.0026229057352787377
0.08023091764702917,0.4871236429578749,0.774,0.02306389686187617
0.07742107025313345,0.5090902061022118,0.732,-0.01826760866517854
0.07901612461528817,0.4048842121206997,0.74,0.02973296292951293
0.07823475415576188,0.4070732595233344,0.6619999999999999,-0.014542198784080416
0.07812870584960674,0.4222749206458025,0.71,-0.0117246183203719
0.07686189103169887,0.41002085652460396,0.76,-0.01280387620408474
0.07986518700725069,0.571084158858016,0.8089999999999999,-0.00977781631428379
0.07742917473155306,0.35734947611094237,0.734,0.04515156490348078
0.0784612560514543,0.6565541171106126,0.896,-0.0005041786498264656
0.0785959604559929,0.506309239910157,0.725,-0.037504894038136415
0.07866142681365101,0.4535176765189042,0.747,-0.008567821648586587
0.07762854039078106,0.4311622336999261,0.779,0.044699103963539835
0.07820874324224403,0.4888086210830598,0.749,-0.006356653588958362
0.07808856431612202,0.5372057619820834,0.913,0.030870463484647035
0.07648226248359404,0.45807478736549534,0.705,0.01815145200978273
0.07891327536794347,0.35685609706344357,0.6890000000000001,0.06839577552113577
0.07732266473953077,0.4987008010098708,0.752,0.01492236904358796
0.07824754763529333,0.33013179651246594,0.764,0.02582622991287677
0.0769698265505305,0.4247094765702504,0.771,0.04661106556231692
0.07847964256337436,0.5538267041997043,0.792,-0.04187391912764946
0.07853956351488958,0.5795482668007632,0.8300000000000001,-0.02383201595693533
0.07938090836770041,0.6281288089313075,0.9930000000000001,0.013216453190755142
0.07691333012919477,0.39889819209664656,0.738,-0.04784546732128758
0.07662792325938943,0.4256396487454195,0.793,0.01591925735045841
0.07833920727505721,0.6138303574290362,0.7909999999999999,0.050830443923432354
0.07738031364276786,0.4847330505740972,0.813,-0.010553311045046672
0.07742347280137335,0.4498178865508513,0.835,0.007370500388662385
0.07599751100981861,0.29894907510251967,0.694,-0.006799870018957975
0.07812885896719358,0.34830893823973375,0.737,0.016522251762402573
0.0786632849704597,0.4133845006506993,0.7789999999999999,-0.0018899200628458524
0.07712632634090483,0.39546293783601394,0.669,0.00894736022490375
0.07930147000233508,0.4728020016616421,0.777,-0.011075605402670935
0.0769426198413264,0.3948515919814417,0.7689999999999999,-0.0011731986523960997
0.0771994016001541,0.37839360716086956,0.774,0.03338531946357693
0.07699636792620886,0.43688618105504284,0.752,0.04034348790350649
0.0774460721521555,0.49155017272099055,0.8420000000000001,0.04240182588883669
0.07664165646604576,0.34638248686644113,0.7130000000000001,0.0499101072310979
0.07695564843578329,0.4473922853271728,0.755,-0.012697339772093065
0.0773247059887718,0.4884538143853061,0.825,0.04373153762392934
0.07577292447823547,0.5886015077188809,0.861,0.031753893830787694
0.07668913124793174,0.3627799142630792,0.74,0.032045644622067694
0.07740031675131004,0.5405861028463921,0.8029999999999999,0.0037312555604314206
0.07795509180220767,0.3264466514616422,0.781,-0.0309522630533142
0.07882041185009597,0.39521454929296596,0.769,-0.0051685086980944464
0.07756062271096396,0.3405372655407426,0.7250000000000001,0.010694955578745847
0.07689052656973988,0.44653659098530296,0.694,-0.05264869180529378
0.07824627430976747,0.4449788631957641,0.854,-0.009280788667864241
0.07672532972039367,0.6547534014072398,0.808,0.024581224363826724
0.07738254866499697,0.38674245025720166,0.786,-0.022609848437603358
0.07699061808712475,0.4494578372958693,0.71,0.031176572907027265
0.07482262488921716,0.30311315712826614,0.706,0.01369247323781841
0.07733855853789072,0.5820626625633221,0.904,-0.02619813148027933
0.0767939753394594,0.31981096553848465,0.716,0.006858408700284989
0.077721765308917,0.4397595489273458,0.754,0.007062564638476136
0.0773589786144157,0.5734976079468663,0.781,0.05269281438354037
0.07689176995692955,0.2634877352459193,0.755,-0.01355166995196394
0.07492218065631082,0.44135716911248446,0.718,-0.0049735921551424655
0.07763068115281484,0.6073537563245921,0.872,0.05105805913920572
0.07778453061583003,0.4207065698875585,0.721,-0.014119299516139295
0.0785893111942354,0.380525792996945,0.771,-0.04865362263638277
0.07599053317889341,0.34681725639021144,0.732,-0.019642686564803093
0.07671097179256287,0.35853647469820027,0.718,-0.005701958970756232
0.07504429291050385,0.3539286504292516,0.767,-0.02362021581661669
0.07824627774193958,0.5433076702341766,0.755,0.023893024319318223
0.07745035456261644,0.5012639747864229,0.764,0.021633416037905667
0.07831602988602891,0.5370585942718482,0.845,-0.0037359719380706618
0.07656014919860397,0.38960742903675216,0.8029999999999999,0.010593446124376741
0.0776802038005823,0.45126460155978654,0.759,0.012001720941365158
0.07571563009461785,0.3929227788413705,0.774,-0.012776258785412402
0.07794620572117751,0.5252844257978593,0.749,0.032967390610141284
0.07659392690463046,0.41695775375972577,0.75,-0.06116399487475681
0.07639991985536536,0.4457759046915699,0.867,-0.047886207001931795
0.07663180186215528,0.4011706403190245,0.7010000000000001,-0.018046597209758704
0.07728281753869194,0.5320803676153165,0.833,0.04180862212153127
0.0776406155665118,0.4426073435842044,0.7889999999999999,-0.0026573327657117966
0.0768205504579097,0.4364994841523204,0.8029999999999999,-0.0015294283721108762
0.07606189688801565,0.4777304939174578,0.786,0.016752375395166486
0.07604057915175538,0.44834787258164965,0.708,0.03584603944408987
0.07735977517064747,0.41875138519767896,0.745,0.035005813975996905
0.07650372776099296,0.4769475328168964,0.6950000000000001,-0.0057700659354094725
0.07627544849405181,0.3882241127739219,0.718,-0.020386176731469943
0.07797731008871667,0.4258388354572542,0.766,-0.009993564835863509
0.0760653325402126,0.4510354824843734,0.782,-0.021146643064654715
0.07680503453601284,0.4787650887006123,0.726,0.03111158592772023
0.07551238321978224,0.3988176485228587,0.7569999999999999,-0.027525569892567603
0.07894839654107137,0.5280554953187102,0.896,0.0588356844743866
0.07721538210988145,0.48664417558149653,0.766,0.0059390114936807336
0.07775822278664489,0.5109451300118919,0.776,-0.025184880529255587
0.07727334295376381,0.6153417524334679,0.825,-0.02577011933381799
0.07669008183816046,0.40447481856526,0.832,0.02031474604390317
0.07812782526141454,0.5383132429879285,0.788,-0.031987355443481254
0.07781836762515486,0.40063633603883675,0.798,-0.0153607568559583
0.07918462868462461,0.4511974511785568,0.74,-0.02052133852104802
0.07639264641168841,0.34701296061802056,0.708,0.010151264658302336
0.07713871940374692,0.4449068954292845,0.784,-0.030035211787243308
0.07619743481420897,0.33838936198492675,0.752,-0.014487997537016654
0.07634856558440947,0.471866274642915,0.73,0.025412982774711837
0.076352099612482,0.3804368701988299,0.72,-0.009118840782507426
0.0749701125345127,0.3389540315484809,0.6839999999999999,-0.005886324549893112
0.07599478131496513,0.2448600580558944,0.662,-0.028213351893169574
0.07637512818370995,0.6450952074312424,0.884,0.03506123832806877
0.0761586642390206,0.34718931462568214,0.711,-0.03312329835056768
0.07675040716504376,0.41060545081539823,0.757,-0.0007493632818460486
0.07775600390052285,0.501389560583557,0.7929999999999999,-0.040492803135481426
0.07829207447616425,0.5047375786783772,0.752,-0.010467475425557003
0.0777104419815558,0.36613329983410514,0.767,0.03004551690662779
0.0764751437227932,0.41473834399863563,0.71,-0.013217577528063271
0.07780436422076126,0.6018860350522783,0.827,0.012228206180316625
0.07521345503538163,0.30735300691159795,0.6559999999999999,0.005750469151517012
0.0767870829209941,0.4113644823169329,0.698,0.01452040006098834
0.0774211301679611,0.5058489832755129,0.825,0.011220004914964611
0.07658231248752874,0.601911645721124,0.915,-0.046260185546008026
0.07677764732593889,0.286337469690114,0.679,-0.019918737330919735
0.07591135480982077,0.37409420374125135,0.751,-0.04569057789821672
0.07588479877779788,0.5019532699186078,0.7809999999999999,0.04177809325133655
0.0760569816198684,0.3160360239604634,0.725,0.01133031018682872
0.07562556107746408,0.41652537979971616,0.8180000000000001,0.04122558052059768
0.07621096753266964,0.4425496839182257,0.681,0.0020510298028347147
0.07680135350624119,0.3852787297418474,0.735,-0.010242348733109884
0.0751580064113889,0.48882526595253806,0.7450000000000001,0.046316291112176326
0.07893970887150997,0.5307130897269401,0.913,0.016786242239233987
0.07692398274331452,0.4780696518366532,0.757,0.03560311336059607
0.07649164163641917,0.4562774719827165,0.742,-0.007074610604177862
0.07650745183017714,0.2586284013580946,0.662,-0.028726768420342066
0.07739848852135696,0.3760177932894808,0.725,-0.01472489154145906
0.0784800631530072,0.606175922765134,0.877,-0.02623587351885222
0.07904600278724172,0.5923497365473618,0.813,-0.014193744480967857
0.076684854401187,0.3702475357021897,0.7030000000000001,-0.0028266885372593095
0.07731124506358211,0.37395744116269425,0.786,-0.050689587975251166
0.07651273988842887,0.3434768358357778,0.6739999999999999,-0.017637468231269566
0.07853164575357902,0.4249588198977219,0.756,0.021153943714683345
0.07695335881944174,0.5122289163205132,0.7769999999999999,0.03788252517942783
0.07736240147584209,0.5286678715120994,0.81,-0.027621695498960038
0.07617467014102358,0.32582683362478315,0.666,-0.03234342791888584
0.07762221305131911,0.44126352507272637,0.756,-0.05586348469290848
0.0772534147328817,0.4890515783361833,0.786,-0.04890180392985745
0.07768636614216809,0.5383634771644896,0.8300000000000001,-0.05270390514762038
0.07781753999741961,0.4374583395709868,0.7350000000000001,0.007725579903375956
0.07728229123843638,0.2545496476303697,0.703,0.01967488254644136
0.0763878511845552,0.33572204703230213,0.8280000000000001,-0.0031707028126910946
0.07818466596582414,0.38082866873597343,0.874,0.00024169676009106397
0.07616144415760429,0.31977621167714876,0.6779999999999999,-0.0368000398368168
0.07534258573084265,0.29204135505250406,0.7010000000000001,0.005130378432758025
0.07689426810105468,0.409952842998234,0.715,-0.007306449912962268
0.07548419678875672,0.3291819780670737,0.671,-0.0009186237697061454
0.0782630183983989,0.44028093710863203,0.972,0.02139165745265018
0.07547406975298288,0.34354937165353894,0.757,0.010588972843350676
0.07556067544581722,0.44333651841288857,0.771,0.004951973631664998
0.07667824796470965,0.42546022821081264,0.745,0.032217901910062685
0.07675079237935838,0.7087700679881097,0.887,0.02506682816380611
0.07611983831535804,0.3440897950512629,0.722,-0.017620970263250033
0.07516506282789814,0.2676733058607814,0.669,0.01694689373377335
0.07809152470318882,0.35450023164976674,0.656,0.007882804401973942
0.07635685583884233,0.4995074019204506,0.8049999999999999,0.00838587955547477
0.07786806061076165,0.3497910984863597,0.755,-0.007269329310561417
0.07661025105301672,0.41648702528973125,0.745,-0.005783741543545269
0.07899964213229861,0.6277818190324012,0.8180000000000001,0.0020777984196972197
0.07538985427067177,0.508861626232378,0.781,0.029342706125755746
0.07723122433134638,0.4009004303458692,0.7030000000000001,0.00150451226799303
0.07531071120800978,0.29089482110572895,0.7230000000000001,-0.019874712346104745
0.07813312239027137,0.5668804218021823,0.872,0.04621009085890966
0.07744816468381047,0.28804195949951295,0.6890000000000001,0.002021099659492878
0.07761624000742773,0.5166355649554752,0.83,-0.010305602804157784
0.07773736614848181,0.366247283912287,0.752,0.02653280479272117
0.07657840332279559,0.5129650518073614,0.798,-0.01985272337262006
0.07618282421306082,0.38144047227508837,0.793,0.00198576000521005
0.07527411495867953,0.45188254292078067,0.874,-0.009228664068764289
0.07653573894552466,0.3529087347333544,0.754,-0.11390397497710408
0.07660493658109607,0.3466429193016869,0.7030000000000001,-0.0033500123920768583
0.07864126887278634,0.3628756334044838,0.791,0.004951059552813146
0.07702684539892164,0.5429448665930026,0.845,-0.0197152143666342
0.07654619086497708,0.520435514051969,0.833,-0.01990540210789349
0.07741179487861087,0.4322992994351451,0.7030000000000001,0.05066092582556928
0.07589032163569179,0.5102486777027258,0.847,-0.010439795414619011
0.07564360372930583,0.42260100289206237,0.903,-0.04556736879148157
0.07589364120524608,0.38588761509665304,0.74,0.007242182983305129
0.07722140418091265,0.3505116166620086,0.742,-0.017891060069797775
0.07669429791080462,0.39784041741177933,0.733,-0.011487827558551855
0.07669445070884366,0.4546607285739004,0.869,0.019395424131420334
0.0764435019107249,0.46254808105081047,0.735,-0.002605118332193561
0.07806299602024157,0.33152010629713136,0.7150000000000001,-0.007462217603894065
0.07733820308392224,0.42740816100450285,0.73,-0.012024741669816569
0.07694966711774165,0.32048044837568535,0.747,0.022964768539238643
0.07891612654772708,0.5190407977623779,0.8029999999999999,0.02084991788525372
0.07747811939105775,0.40685124474428314,0.728,0.017844561214204534
0.07688436331443231,0.4092359237632901,0.749,0.002145383423074774
0.07743250463104949,0.2124422822387677,0.642,-0.026015432450328984
0.07765237980798625,0.4667667063921028,0.8009999999999999,-0.03146351543492321
0.07845143800466631,0.39070355960598535,0.713,-0.012434626665096338
0.07746541157338786,0.39855013522021654,0.916,-0.0002756903926735933
0.07702369416543603,0.3223340571045563,0.796,-0.0003301607605172104
0.07602763394350028,0.37913805253078037,0.679,-0.013968798599201082
0.07740210771869765,0.3424683294056914,0.728,-0.0049665868715347014
0.07756348867470199,0.473844477878838,0.754,0.013196289393767737
0.0770032787070825,0.44760487711415475,0.743,-0.013108498372425089
0.07633698995347046,0.44755614350928496,0.733,0.015300796418932084
0.07642125683403637,0.5473555521276334,0.845,0.014748709739207888
0.07821621550028805,0.4040752842378912,0.782,-0.00793009746401174
0.0776202063611459,0.3794967259193962,0.73,0.025311206868921493
0.07717074242436783,0.371684553125859,0.84,0.026651959491809228
0.07785537630209377,0.5054906905291201,0.8300000000000001,0.016958557340871292
0.0761451459513548,0.3289843429432038,0.7110000000000001,0.009798347278817426
0.07811579383257748,0.42598282561792455,0.784,0.013797733174119186
0.07646615334526692,0.350925302999598,0.737,0.002853983583525594
0.077847334070442,0.30071702373279274,0.725,0.013827129427781703
0.07809616123978583,0.267226578818212,0.735,-0.04306674004801931
0.07853328688166249,0.3657408298668159,0.659,-0.018486375565137148
0.07740059716440338,0.5067487920331142,0.878,-0.0021356746287857858
0.0770826017349854,0.44487214350261395,0.8300000000000001,-0.014554665625952637
0.0778543530765541,0.3960420248653498,0.749,0.0045988320237287
0.07619507050676735,0.3715853892446086,0.742,-0.010029673369759263
0.07689889872423401,0.30786285138891945,0.796,-0.03422492083072561
0.07566271754418999,0.48857699867051796,0.755,0.017447932993017404
0.07709097519834116,0.4749311688266502,0.779,0.011663270991041787
0.07812214182271728,0.46593600643544475,0.823,0.04079364408317794
0.07616692644182087,0.5532977545704716,0.774,-0.018222652342975657
0.07731350987113281,0.4829366012718257,0.755,0.0018542846980156508
0.07587677323658983,0.28023341130350854,0.767,-0.013676447177645788
0.0762042431228201,0.32408027610398715,0.71,0.0039011596784887816
0.07576237683798354,0.3522032985617014,0.659,-0.015464219670157925
0.07609244608739095,0.40227227602443616,0.76,-0.009484879135570659
0.0786182224572888,0.4401534113896046,0.754,-0.011792879995382421
0.0765472363611597,0.3079332567707227,0.764,0.006006875155266401
0.07655005415423052,0.42795827902219186,0.782,0.01629055924883186
0.07695157390568759,0.4725790630573612,0.7809999999999999,-0.00860907305484339
0.07666247331291318,0.42964008909628637,0.762,0.043099756914338955
0.07718117604407745,0.3577066220930418,0.771,-0.013052089825355176
0.0754853262075236,0.38070849140000407,0.757,0.01246104078817899
0.07848934759282226,0.41661626634022353,0.708,0.015720018959385313
0.07744872989093333,0.4385933683574863,0.8109999999999999,0.015315474158566348
0.0774396340631083,0.4185519668093822,0.81,0.002453665438982266
0.0772467994002219,0.31114394478169727,0.7829999999999999,-0.0027748141664811197
0.07564605885770338,0.3058228117451236,0.732,-0.007119179833853652
0.07614973556462622,0.4672629564264841,0.737,0.025000318956902506
0.07858716579030653,0.3619030465849482,0.872,0.02207545967301542
0.07790162973915003,0.3909314935435906,0.703,-0.0077697501478483375
0.0777059461206155,0.41823592485648264,0.784,-0.0024400629354922876
0.07785898335492507,0.3000282780425323,0.7789999999999999,0.03777345668614227
0.07571334102894697,0.31794055471416094,0.7030000000000001,0.0325764616135407
0.07639177457459835,0.48723480419205245,0.8180000000000001,-0.009019540013038086
0.07736211145685269,0.4055965335607965,0.838,-0.0394160490904745
0.07842339670271,0.493912732663524,0.73,-0.02345299594850877
0.07628107301034363,0.42549906604279686,0.8180000000000001,0.02287660886604871
0.0782240275511823,0.42567557061100914,0.696,-0.015015400838779735
0.07825938535718496,0.5414801897390773,0.874,0.005062251087406106
0.07883279811470445,0.4927782633537525,0.833,0.04105655104270444
0.07697529154093864,0.5022014682620912,0.817,-0.025166590931953142
0.07868750124106433,0.4959098392198915,0.808,0.04582774755109827
0.07629050409864258,0.39191650083163854,0.794,0.04442569596410943
0.07758280543534599,0.3520044181428412,0.679,0.02524782877830629
0.07689642263755268,0.29833152735688184,0.717,-0.009944471701020625
0.07679911555734627,0.3965346865048698,0.6759999999999999,0.015215100255602467
0.07762733365050933,0.4399671452945828,0.8160000000000001,-0.06275241951416846
0.07806387515051777,0.406258901430252,0.681,0.03858533742819847
0.0761460433763633,0.38873752587530497,0.7030000000000001,-0.037742693098614964
0.07774952930173035,0.5671314978699091,0.781,0.05202912482630358
0.07605541128636083,0.41823121167138266,0.727,0.05919241152540485
0.07691889784508826,0.35005466615288583,0.7,0.0402241467724711
0.07625929630830264,0.38256504562771987,0.749,0.029508617975252234
0.07750343899879944,0.578670837534851,0.755,0.04665711069201259
0.0768942052356881,0.5475039274616553,0.7689999999999999,0.012777430315695679
0.07765448690151458,0.3315538932596085,0.7230000000000001,0.003910655191389058
0.07698864186724233,0.428631972236301,0.835,-0.00825616079889186
0.07813684441464298,0.557651008707555,0.827,0.0176260602416725
0.07653528310881769,0.44672180370138115,0.7689999999999999,-0.002410069351971456
0.07844825685702805,0.47534379278141836,0.754,0.009962489628093344
0.07781413088150346,0.5195889213990075,0.8160000000000001,0.02837690597105431
0.07730263111527155,0.39729405406836893,0.6990000000000001,0.00040349085329967105
0.0781221315098393,0.448544892194195,0.765,0.027246947454812452
0.07923294929450911,0.3593675923879638,0.776,0.001791246151108776
0.07538111630449963,0.5006118788530403,0.825,-0.038035441755652745
0.07695273730866807,0.3562925283869931,0.708,0.010655695531161231
0.07620697076106703,0.5244036278971915,0.823,-0.0167456232548488
0.07855317354645036,0.3622455748857756,0.705,-0.006613856971297178
0.07703774503551003,0.39851325898906564,0.749,-0.013293717393153826
0.07783553311209315,0.43239635511114916,0.742,-0.021220541834963674
0.07702249886903988,0.41239993751139226,0.749,0.022713991405724825
0.07605641216906862,0.42128671372937987,0.747,-0.004630554472830883
0.07764319967053215,0.4181590954797674,0.7030000000000001,0.02972874917088979
0.07824552016429598,0.4630209848042752,0.794,-0.0346342480990519
0.07848323274601796,0.3667609337088593,0.7909999999999999,-0.03527857221195754
0.07779132524390572,0.2957221609552825,0.732,0.00163346372221155
0.07653336531121165,0.35564254825843733,0.7030000000000001,-0.005942218155896751
0.07771954820910969,0.43835261370562284,0.7929999999999999,-0.05420667049130534
0.07693467481866109,0.4166321940123363,0.696,0.025372566404815812
0.07840756556538804,0.443621898088431,0.808,-0.05459962109162799
0.0763741992465183,0.3840021456979055,0.715,-0.010752193919650984
0.07685433411249491,0.3605663482440611,0.767,-0.040249240976816994
0.07689268883127397,0.47980337816946195,0.737,-0.011282406138226451
0.07817967180785793,0.42258325685676645,0.759,0.014269454130767075
0.07825966082036613,0.47225568701345244,0.7709999999999999,-0.01626045005697222
0.07600318789572251,0.30475354778604347,0.774,-0.02494588910426756
0.0775694166814272,0.2725731746828779,0.735,0.015395827081510391
0.07732922906617362,0.22616477684590564,0.761,-0.02362461347257707
0.07651370160437361,0.4728411175208369,0.777,0.004941839493273711
0.07876241407609184,0.6556848824867467,0.888,-0.00041179832200507853
0.07563445673052643,0.29439372302715405,0.742,-0.014846201540392793
0.07764984159926294,0.3092722728339976,0.701,0.0520933438177963
0.07831222347566902,0.4210988725131979,0.796,0.05771822561659224
0.077487861007487,0.4265121310360871,0.783,-0.015181432189004569
0.0766385636190668,0.41465661243846297,0.755,0.044393108956868516
0.07512177873709461,0.4326371907616968,0.74,0.005397502409899671
0.0750074140215694,0.2644521654985552,0.703,0.005284577494240362
0.07638231571703541,0.33318272408352234,0.713,0.003465638665205305
0.07788027921511965,0.3788137535238545,0.718,-0.052994518229614804
0.07527439096762507,0.43853677755408293,0.794,0.014948305666290927
0.07918299858950152,0.4136538434102208,0.752,0.011272901163539314
0.07800711324486297,0.34852641268221785,0.74,0.021014600398873703
0.07825582203031686,0.32160545653772665,0.73,0.0019219400772929646
0.07756201211067341,0.5706159606318351,0.796,0.038886301872773914
0.07689549618790671,0.3636471857457333,0.73,0.05537355860576268
0.07675198204637373,0.37779015153257856,0.786,0.014012710346806475
0.07706073123730481,0.33803601133242855,0.73,0.03783070090843492
0.07648439894024141,0.40407474736139726,0.723,0.00955728905926433
0.07804829515724943,0.49591571391995304,0.8400000000000001,0.03955533763416515
0.07650581224090511,0.3218054539963755,0.6890000000000001,0.003097927274725371
0.07870505320746964,0.5523063007815678,0.883,-0.0409485597117788
0.07722064160724369,0.42288921754612163,0.764,-0.019127059538294567
0.07668115900587559,0.30652271376736273,0.788,0.03025593283190636
0.07560518496862914,0.39017824369980847,0.742,0.0035131378131674895
0.07643147398057787,0.27445500289814184,0.718,-0.012522878597145745
0.07738588467210526,0.46908733430616234,0.708,0.02010348035238477
0.07673222832214147,0.4154477471463238,0.891,-0.017337993467299084
0.07787403565815439,0.5214116613467272,0.81,-0.02311777901713556
0.07610197914948566,0.46847167357856767,0.8300000000000001,-0.011006881301937724
0.07844877284532563,0.3928594856234131,0.76,-0.018448533689193854
0.07838618964181446,0.4706751907640392,0.732,0.011831525603846147
0.07640125207324402,0.41596462664847067,0.75,0.041869183110367594
0.07758806582835001,0.4165024052773898,0.7250000000000001,-0.013633759737289187
0.07630787730419367,0.26009387823043717,0.749,0.02741842063601426
0.07535862403731158,0.461004717182401,0.744,0.031649876047116915
0.0768473247948489,0.2968608432901694,0.6930000000000001,-0.011202971667369364
0.07787287473273749,0.40098788360551607,0.715,0.022005796667369206
0.07755523957507239,0.41221604309544224,0.862,0.03133272182488663
0.07666440030051432,0.4053685304682375,0.75,0.03418440499982531
0.07756505271282776,0.5946000815673784,0.857,-0.02140196909108138
0.07749496549927856,0.39148549933879906,0.7230000000000001,-0.03937910461604152
0.07696251021449095,0.47239542892720543,0.7909999999999999,0.043475602933619045
0.0782745225402637,0.3737900249947894,0.717,0.02183407649625663
0.07576478107129493,0.3940672866863215,0.745,-0.011643995203202664
0.0749523728985614,0.30394131825262827,0.6910000000000001,0.023162456544499024
0.07601210519857182,0.5930690073729359,0.862,-0.03758219168223771
0.07784616647443614,0.46956469977809734,0.837,0.013647935106100947
0.07777190268764324,0.32028142436527496,0.718,0.0022229575810482397
0.0760942646286499,0.42362975301196704,0.774,0.043608516413362185
0.07791981712241516,0.36999282250148813,0.728,0.013747498711371892
0.07685402406917285,0.3822519713278649,0.788,0.03334502806387615
0.07674329768933816,0.3650705670501462,0.698,-0.003861286181696056
0.07582986649298382,0.33279619596077303,0.716,0.044226809904223195
0.0784444861181699,0.5651712684885806,0.869,0.011572481023472584
0.07731954482353573,0.2590036209997506,0.725,-0.08451984424721237
0.07740247581129915,0.31713171975056564,0.698,0.0030508917239444227
0.07701573119540255,0.31166883602236073,0.742,0.00796420866523638
0.07521198946560981,0.3653013909347531,0.662,0.009388906478128399
0.07688848490722212,0.40517480446467946,0.764,-0.020000153922710602
0.07637173140254105,0.4453044692051793,0.764,0.04534085843771072
0.07586469664650104,0.36541844529847767,0.747,-0.004655039508147572
0.075098837218445,0.3684184111887925,0.76,-0.009819721514941095
0.07799511327841316,0.42357757109659344,0.847,0.010982720330813198
0.07796534561705926,0.26829688207356517,0.698,0.018032452302519375
0.07798807594904733,0.4846290596340994,0.791,0.016962496717822594
0.07783362414069513,0.3374845334579226,0.708,0.02624174097487777
0.0789731544947989,0.3615133407497475,0.7569999999999999,0.006784468916780912
0.07863142766105437,0.430301233444466,0.8029999999999999,0.015227313319376897
0.0772709316302062,0.4387061364014597,0.789,0.02583206899069069
0.076864965363881,0.30815215913801364,0.759,0.038875451663398154
0.07859432684927471,0.5279449002761032,0.813,0.0031700353118252747
0.07406587578013323,0.16119785789433516,0.615,0.017357675119120376
0.07718297304538742,0.3364099110138765,0.698,0.020257670254717565
0.0776099066319621,0.5834978516835538,0.84,0.06051148254275834
0.07535483865674701,0.3877309336528514,0.766,0.015525077060451361
0.07658680736589037,0.32989257036300224,0.738,0.023731301951964295
0.0740066815633266,0.3469538374369976,0.659,-0.00656324396674245
0.07723644861165371,0.41250005242830223,0.72,0.016688286952812062
0.07638222845805659,0.22307521623433146,0.6910000000000001,-0.021016386390591016
0.07657197230945129,0.36849365945530943,0.7030000000000001,-0.00949771038493592
0.07622631580171722,0.3143904734025833,0.664,-0.001224041636219914
0.07611128423493212,0.23899430604498706,0.6859999999999999,-0.018633621958735254
0.07623503727422926,0.480661371395231,0.81,0.012246566927049462
0.07708552506033882,0.4060792639331723,0.75,-0.030027477615244894
0.07748513088207633,0.6675135563822132,0.96,-0.015879912781011963
0.07610651811513502,0.3026273687092105,0.73,-0.00838033651697238
0.07635003555786664,0.44353551562110516,0.723,0.014640448213515999
0.07706156097359759,0.36990778111782463,0.694,0.04958139209819289
0.07699595762268546,0.39231652521915805,0.6990000000000001,-0.016630864478904002
0.07728027098298197,0.48104909987493993,0.732,0.015746569386472453
0.07780435763121658,0.3739598147455996,0.786,-0.00016759627035972495
0.0768502967803923,0.401726801446876,0.748,0.020132814304639892
0.07659630599315398,0.34295500664521006,0.781,-0.015493502511265553
0.07640399408735123,0.4212597497903068,0.8009999999999999,-0.00766916812421623
0.07807795239624708,0.3527318731298714,0.825,-0.01509119611073337
0.07713057459340865,0.4004533999407194,0.8029999999999999,-0.03898240830434082
0.07667752265474381,0.37072650726192213,0.708,-0.026173906225722396
0.07616845537195828,0.33831688073641164,0.747,-0.0011231056263799246
0.07769009071504872,0.44486369432946793,0.767,0.08525456997179706
0.07704597666024651,0.42490880256085983,0.7809999999999999,-0.0023400814893136065
0.07618983570301963,0.2052565972925291,0.647,0.013173261137870783
0.07626676749553996,0.4778026720653883,0.7889999999999999,-0.002989473566727531
0.07687972991038503,0.34476966670447773,0.725,0.04650418045259217
0.07759393186144616,0.34207026748748737,0.796,0.010854345785910937
0.07751806461591308,0.4188898053045311,0.808,0.008648109774725993
0.07726790157161802,0.3439554513037302,0.723,0.02415425225177448
0.07629958876752713,0.29169506090190334,0.8049999999999999,-0.0015355948430234045
0.07781444368807358,0.37696510211998957,0.754,-0.017568660466226006
0.07798443416898176,0.27320522614592946,0.745,-0.0023964476113145145
0.0771727857938762,0.4437375667087262,0.72,0.03406781605196727
0.07657231665382977,0.49393211003419024,0.745,-0.003923408207155454
0.07822583586312373,0.43913520167014886,0.744,0.030711655731544264
0.07821529157356316,0.2902422353125411,0.65,0.04744107781256364
0.07738252216313529,0.5340084152162379,0.847,0.02085410687328983
0.0772641964605049,0.3624996254058366,0.776,-0.0009911795369788108
0.07699383884898274,0.3988611782786484,0.796,-0.0069294228068271105
0.07690982601651511,0.40485080808730656,0.7170000000000001,0.007672983038200566
0.07732355197126632,0.4495954546467118,0.718,0.007486614193753903
0.07831285446098951,0.394201152763769,0.754,-0.025911691801879088
0.0783206512617362,0.31421566349752394,0.72,0.008012961738578019
0.07863466597728622,0.6572604465854917,0.927,-0.0068228255728456505
0.075895809993763,0.3330256146351802,0.755,-0.003341017611738798
0.07599208397044968,0.36340403858470127,0.718,0.01813650176903959
0.07671332879267542,0.3936909783683742,0.743,0.0024108776388061357
0.07887653617511595,0.3175617627232663,0.706,0.005549022401899626
0.07698641253392544,0.39641802488864597,0.788,-0.048942024947776656
0.07870018792911568,0.3991078554287082,0.798,0.008038047305264487
0.07909664714666324,0.5852141431677973,0.781,-0.0016195223772472174
0.07852285259022529,0.39760976804017467,0.7989999999999999,0.01351119205812614
0.07765788699230346,0.48944474763085477,0.769,0.004033564944210597
0.07734418592048871,0.44644452253217937,0.845,-0.04058555104205959
0.07948663378941062,0.42601668736779663,0.9890000000000001,0.025234731012819377
0.07879434639260295,0.43978922336414206,0.8009999999999999,-0.008179986624522946
0.07817851729475464,0.30766845464702985,0.742,-0.01583517572969403
0.07934480601896698,0.3608226340364111,0.847,-0.002086605067467823
0.0779101486313922,0.3976190920872549,0.764,0.001211832372776398
0.07741225186158357,0.44648091471545026,0.73,0.025317128088112564
0.07717606759971805,0.28043732509766883,0.735,0.007793696991498726
0.07613608261640387,0.41774797641549766,0.71,-0.0009022096526741462
0.0773241989178113,0.3024409569039328,0.74,0.01861919297803439
0.07663857285733715,0.37438075230468293,0.708,0.00981876896805009
0.07806556426631879,0.3390684270083981,0.725,0.06130405526695787
0.07578872289185329,0.40845317227363553,0.745,0.020466695419181596
0.07693434701094173,0.46856969866829123,0.761,0.0007118127807143292
0.07732904689791945,0.41168558687759793,0.749,0.0043277978482601075
0.07843469958895345,0.37372632712093656,0.754,-0.016632721685123728
0.07572220509038284,0.2563232488156344,0.671,0.005857423049657031
0.0784842490169206,0.3062755004447495,0.845,-0.008389261710885927
0.07769689014549584,0.32249885138186274,0.806,-0.02189849626573021
0.07684735275206296,0.3547785090367892,0.742,0.004052644214560952
0.07749397185477154,0.3099846482311528,0.6519999999999999,0.05053069636546828
0.0768944284392569,0.3494449443421854,0.7150000000000001,0.02023958918129194
0.07756135172397398,0.4116157546752546,0.742,0.06400851563534907
0.07578647662388391,0.40685206844041444,0.712,0.028848749423503846
0.076664614301107,0.3704065515650208,0.748,-0.03947433590904291
0.07681094129826167,0.5330018733341482,0.774,0.018593313813761933
0.07548862542369794,0.40510566739307974,0.777,-0.025229674372235826
0.07672604153231645,0.36994758080744194,0.842,0.019875057492048136
0.07659261588817652,0.43349762071778963,0.833,-0.008805146876756846
0.0761245009733233,0.2684527056257915,0.798,-0.00842182917524301
0.0758757143191252,0.3263407737343358,0.657,0.0036750642074586137
0.07866708215291275,0.49418838953041,0.7769999999999999,0.005444441847430145
0.07488942304220102,0.29294154864332134,0.625,0.009541002524544009
0.07551084326884368,0.4819424633738505,0.76,-0.002449656505851748
0.07746565172555915,0.44233242226243696,0.745,0.02954875491523403
0.07787997670444166,0.5222317887006485,0.788,0.01800546741265465
0.07812252964844313,0.4540282010573864,0.783,0.04171010946182898
0.07611407711044653,0.4240742184616799,0.8200000000000001,0.043036351014591176
0.077470789606067,0.2986684022677668,0.786,-0.002287598079958603
0.07693442285428465,0.3996299365412237,0.7350000000000001,0.04931538571960478
0.07845103780085545,0.4226102570232184,0.737,0.03372257547792875
0.07712598352036994,0.47684581129147796,0.756,0.031192641894107597
0.07664916109445931,0.36532085106945766,0.706,-0.009900444552677252
0.07609715052720026,0.4050901802719662,0.738,0.055318018255363435
0.07746998977930906,0.41682064766099947,0.825,-0.020253748343363076
0.07800517279271853,0.5490165837705425,0.931,0.0073118999414453125
0.07763653012948785,0.3783289754142425,0.756,-0.043336992652869555
0.0791884014846082,0.32277869934579506,0.786,-0.001681916814410355
0.07754853035710525,0.26807852003353805,0.7250000000000001,-0.01943565171861357
0.07856042875899338,0.3889013891111306,0.8300000000000001,0.016658683304779372
0.0789819683115037,0.40739586458968846,0.7909999999999999,-0.05531334534504787
0.07907627967862739,0.3478522367302386,0.718,-0.05524151755467953
0.07822047728316575,0.5463447416547549,0.855,0.027532566010575056
0.07781550947995522,0.4330985972631689,0.789,-0.01650449399647326
0.077529087283419,0.30336601416400466,0.6930000000000001,-0.0021084566759486116
0.08153544630347129,0.5671203234534485,0.8959999999999999,0.009621760615285118
0.07680178169726923,0.3565530013708509,0.862,-0.003874909435047774
0.07831487270697295,0.3893799737895485,0.723,0.01540422972837801
0.07714297013854778,0.35317537794040144,0.6930000000000001,0.011437121868049776
0.07835456303769503,0.44261857803449756,0.786,0.020785762195421425
0.07742108696622162,0.2842775896002503,0.72,-0.030334961595549916
0.0755716893063095,0.372191059811827,0.761,0.026867202890090803
0.07788295128949917,0.3316612476945697,0.718,0.017215778029410017
0.0790382315149803,0.4735229512664816,0.8300000000000001,-0.05685886964680342
0.07650243562299178,0.44376505203177086,0.796,0.026381117295761997
0.07822062241816012,0.3205687000446198,0.7230000000000001,0.016041195860542656
0.0796214999353386,0.370455401848512,0.774,0.014720911826614749
0.07955654282244407,0.3759632550931773,0.806,0.002920475683914137
0.080108293097824,0.5264262856189448,0.891,0.021530661143534996
0.07790080048880675,0.3391363873404871,0.765,0.007923176857115091
0.07848352017750684,0.27807440143993567,0.77,0.00862425758190402
0.0781613696593864,0.3705719135213901,0.8260000000000001,0.03218249151210225
0.0778284258300751,0.45938735782447493,0.764,0.00883198813581604
0.07946396957701962,0.33081110652402757,0.713,0.04435718315830317
0.07711978716429153,0.39415977122915624,0.774,0.004785325209159487
0.08226511158434281,0.5007892832603442,0.853,-0.0072235918649671054
0.08432588993239636,0.45124791693448296,0.813,-0.029108761223189998
0.0842800498732685,0.37876193134430336,0.764,-0.009241853469972663
0.08309850817281184,0.2914949831653262,0.747,-0.026800569612297643
0.08266808841262072,0.20932326869857754,0.749,-0.01809368270207219
0.08427124871137842,0.3984459945149812,0.83,0.013996431038438095
0.08598723191692109,0.4707207752262579,0.889,0.014675583400871939
0.08444288039158852,0.48692482709617213,0.986,0.012274795780144046
0.08268255902187746,0.2663165276176418,0.762,-0.03175191968173154
0.0836379520986137,0.38219169818433096,0.796,-0.005056704337672616
0.08381571232658289,0.38806139692741626,0.81,-0.011900849108531845
0.08551655227434408,0.39499088899120816,0.794,0.01426775789946117
0.08430120065361243,0.36625210492530247,0.776,-0.008101360331265805
0.08697885681706287,0.4368169699375879,0.781,0.03295619254729883
0.08478583054111621,0.42916152058254164,0.889,0.011075422674318472
0.08516847160004398,0.32932234903109503,0.7869999999999999,-0.016349257289815605
0.08699169910336632,0.4344075193107777,0.784,-0.027817798812732504
0.0869552866420438,0.31706454545866825,0.777,-0.03745364464278734
0.08790080163305893,0.4305452550883522,0.833,-0.02282139431393991
0.08565032244174565,0.4367582235515015,0.752,-0.030117448467532372
0.08544638075644281,0.4784166652004527,0.937,-0.005673283290408991
0.08661301154867697,0.4866350775551669,0.833,0.02169438325508954
0.08760435629686174,0.44478603963890295,0.8280000000000001,0.027452205713132775
0.08819957754159384,0.46588884448935586,0.839,-0.0038691622241387564
0.08605389220297505,0.4931483071694682,0.794,-0.01965259638304796
0.08917826412847892,0.4004849163034381,0.864,0.027678773327654477
0.08561711642539709,0.40527133118073744,0.762,0.006373107715137652
0.08827365730623576,0.3663218356454183,0.777,-0.042270487955738636
0.08883351291927008,0.37747961144764863,0.842,0.010987035766490842
0.08730537730432188,0.3765882524557802,0.8300000000000001,0.003188975548749135
0.0874788557041786,0.4400053155224857,0.879,-0.022332505853708568
0.08891707562606087,0.4406475185056262,0.86,-0.012190096174216696
0.08606533531776527,0.3216750973997744,0.734,-0.015845439055645946
0.08849752380010416,0.5416337738525483,0.896,-0.01966189299264509
0.08784936420382122,0.5764718203420975,1.057,0.007929061400104569
0.08692632195841919,0.46717319750405073,0.792,-0.002625060355187707
0.08674333435306426,0.4483882496477545,0.8939999999999999,-0.039239936875942356
0.08853620513180258,0.44279588888987,0.94,-0.006526114491520126
0.08814084160583206,0.4224696688021856,0.835,-0.006373865853294671
0.0899870048126742,0.4190169476411656,0.725,0.03417455347409985
0.08840501059576603,0.5606854308297908,0.8300000000000001,0.03453532532363604
0.08764679009783032,0.41412200553500567,0.828,0.021976014845176455
0.08951969957125708,0.4983795824051307,0.857,0.01297368578050309
0.08913656021626312,0.4495581260310315,0.839,-0.004074089092758014
0.08819533236169942,0.5139098195706513,0.889,0.024028676745400455
0.08845663938213598,0.4853049243464933,0.8280000000000001,-0.07558284481475543
0.090150743170207,0.6222218558571231,0.903,0.004514667177481804
0.09071041798845723,0.48922652112003195,0.891,-0.0222868710278744
0.08991441460146976,0.4500197297444908,0.886,-0.03897751153847386
0.09103706078046937,0.3637943811755773,0.849,-0.009687920517499149
0.09011333846624066,0.5456540977864184,0.869,0.0194818663201055
0.0920947353718068,0.6279157774848958,0.894,-0.00997092359701556
0.0892083709483904,0.5875521598663269,0.788,0.002476987842796693
0.08972886132503577,0.5150893994807917,0.908,0.01761072382185522
0.09109389338539316,0.4599226935671741,0.796,-0.02871253087492012
0.0918239707351109,0.5836910996720848,0.91,-0.030485776082987883
0.08981583914286778,0.5317754684894611,1.066,-0.00426589212017123
0.09123699259817464,0.431128195266433,0.832,-0.050532595324928056
0.090868854030479,0.5435464893748181,0.869,-0.030890640776849516
0.08962443312887326,0.5004719670763254,0.876,-0.03242094828317009
0.08982404539353243,0.44348126643177377,0.874,0.008680639686501554
0.0914061765491158,0.5832479018112329,0.944,0.005042895201540467
0.09195853451590287,0.4363660434611796,0.808,-0.055031507285771844
0.09039873667146503,0.4795368463431777,0.767,-0.008994872973847436
0.09161855206251215,0.4777315017598136,0.903,-0.03595931056270965
0.09144305642507458,0.5759565479501743,0.849,0.01802561919628087
0.09038385103182842,0.38579748653005597,0.869,0.011195634792718977
0.09101168178153356,0.5073871765370295,0.779,0.015228760892694359
0.09111499109127158,0.5424291215245214,0.9530000000000001,0.019901622624532846
0.09316506452553379,0.561412103932736,0.994,-0.00237570384829689
0.09196030611296717,0.3952584218959845,0.821,-0.006081880442449576
0.09220456198041396,0.7437720823135519,0.991,0.042685242097222596
0.09182987332434704,0.5522061634375062,0.813,-0.08015978041575883
0.09341100455237795,0.46292861560630305,0.917,-0.0029154658573504947
0.09314935818183344,0.6220028360552496,0.8280000000000001,0.020017042014870385
0.09361258209954337,0.5948754628838375,0.925,-0.06288729333709663
0.09453647609520888,0.49523616552967376,0.8200000000000001,-0.035000275727003684
0.09488179632277996,0.454988777756709,0.838,-0.05345524389379354
0.09591115706125186,0.5125515240804921,0.903,0.011268454431677118
0.09453624651051509,0.45070547493995994,0.9450000000000001,-0.021705964717778456
0.09484404113423191,0.5366674792323027,0.872,-0.03152249284794812
0.09559869276613436,0.47044296169394384,0.889,-0.029627292061166842
0.0962706846686077,0.48255849690212615,0.867,-0.016393315206686344
0.09629343885845754,0.48132545057966825,0.8160000000000001,0.0004088472585309386
0.09498840749582946,0.7516350939150938,0.974,0.021384366949019056
0.09552074356479788,0.656931633208981,0.9670000000000001,-0.03897762082896939
0.09492288322509818,0.5199235693062811,0.898,-0.04191453008421361
0.09428204497096067,0.4799663530750524,0.9450000000000001,0.024796066264914894
0.09331646084820391,0.6905280888157441,0.879,-0.041450570969523766
0.09846557957645974,0.6146454224255691,1.045,0.007111249498075259
0.09505307008620237,0.52185644855102,0.867,-0.030030911989772088
0.09558984315937742,0.5466231114749083,0.859,-0.04973847392322561
0.09694473044843,0.7070670369762246,1.03,0.037079662809391734
0.0965114094210498,0.5872489689196825,1.0110000000000001,0.0053478155231173755
0.09612524026709245,0.5578462766349963,0.8320000000000001,-0.028979627748506476
0.09615338622035433,0.5648243843398308,0.96,0.006108309191857665
0.09568015540681293,0.5440465424476613,0.882,-0.02091460589588695
0.09588543375429867,0.5680300448067963,0.883,-0.02751609160325237
0.09359121892445693,0.5776137206627063,0.815,0.045618106343230214
0.0978013926401038,0.6776469967540244,1.077,-0.028434018929221757
0.09710681060572232,0.6504368874900792,0.9299999999999999,0.0594857146617607
0.09409151883148462,0.597830253496999,0.871,0.006016173315579366
0.09633701373222939,0.5476513363534399,0.996,0.02761077057119004
0.09589212714726962,0.6816542557597804,0.9590000000000001,-0.00718507226158061
0.09741922811159702,0.5794547587061274,1.04,-0.04887781781969184
0.09765945669735152,0.6138368980938771,0.896,-0.02687017678813254
0.09483689122646313,0.651732628079011,0.954,0.033221311672926336
0.09751085676733642,0.5211546493244872,0.8939999999999999,-0.022262625193820062
0.09844802225508394,0.5391143920899375,0.867,-0.01510447995543771
0.09941949426467503,0.6729759536588338,0.871,-0.021232280850449422
0.09837946999850884,0.5525116797825755,0.915,0.03305206322718143
0.09805131488951334,0.6556898929154347,0.8089999999999999,-0.031636309129198195
0.09792751075811766,0.6115755984681224,0.876,4.218583864124979e-06
0.09727314629554436,0.5729173065359405,0.877,-0.03624989588809651
0.09838645353035777,0.5407447483805452,0.855,-0.02703570418946128
0.10379379699636138,1.0585291699680255,0.984,0.02224372591290262
0.10638649114453806,0.8598868216339213,0.996,-0.05815492315318606
0.10502789459271344,0.8599062471455503,0.9550000000000001,-0.03600802692905791
0.10535479352896691,0.8350103772760362,0.9490000000000001,-0.04559631149244454
0.1062761847330165,0.8995088299729606,1.0470000000000002,-0.04214481385786901
0.10429216187852698,0.781076496996437,0.892,-0.04050410665549377
0.1058579707010176,0.9329644597348055,0.999,-0.021961131971142363
0.10620989914212917,0.762292215275973,0.942,-0.018682211727978855
0.10301590204535778,1.0358414179009854,1.02,-0.00555025271224901
0.10596938126470777,0.7450972867487455,0.986,-0.050523961392336884
0.10595938103673265,0.8549311432066542,1.057,-0.022825288393005346
0.10464030419355035,0.9508549157327404,1.0230000000000001,-0.06484152338675503
0.10564207193765773,0.8956928609533841,0.969,-0.0228655300620715
0.10435954367219488,0.7821187671581318,0.9570000000000001,-0.037085051559345945
0.10662787171909487,0.7683447818777145,0.964,-0.037408254346181675
0.10662177420384168,0.7659497176972057,0.969,-0.014486499558498987
0.10470268546579882,0.7874671091869452,1.216,-0.03878850516829968
0.10421010318327466,0.8921494235250269,0.9570000000000001,0.030039413263141378
0.10612328036187736,0.8154883567032956,1.006,-0.05855511296844552
0.10685637013248496,0.9264702973389842,1.0110000000000001,-0.02436724779110092
0.10484058257137954,0.7777840638038409,1.045,-0.04778707039009373
0.10359935976515491,0.8181278801353171,0.899,0.007699755035228263
0.1061608500070471,0.6435017100343892,1.0250000000000001,-0.04607693349702007
0.10631852845194717,0.7751768259453478,0.9570000000000001,-0.06890340240888039
0.10491263548297876,0.7599653523038579,0.921,-0.0597121263092332
0.1029637437136551,0.7349785490431682,0.957,-0.0024289915681306768
0.10200354165305059,0.9059180314983255,1.104,-0.017909584496758866
0.10489127136513195,0.7658650384721595,0.903,-0.03258292063677385
0.10283863459626931,0.8061671416948877,0.977,-0.021343242746760253
0.104138791478608,0.767830926828001,1.0670000000000002,-0.0453269903742746
0.10527105383433104,0.8046930891839184,1.052,-0.021497056076758052
0.10531576914436293,0.837958133801413,0.9650000000000001,-0.005412375135726883
0.10321447893638458,0.7881606825279626,0.877,0.004344458043396422
0.10400314819265989,0.7661913843761754,0.9470000000000001,-0.029370179041903068
0.10480054064895132,0.8518725408416485,0.969,-0.04639035849550171
0.10488916094613579,0.801608419509964,1.03,-0.005934172869176062
0.10448049403028538,0.888052754170896,1.057,-0.011295573128969567
0.10532482726442635,0.82448840101971,1.05,-0.05358425225608357
0.10710761691664371,0.9264552158381938,1.07,-0.034824359514576284
0.10712431104832426,1.0505291217189656,0.997,0.0012978364661584561
0.10520757314597474,0.8793067368177367,1.065,-0.030385121620210617
0.1051648280769437,0.8326009069336702,0.927,-0.0305156706656396
0.10574962299541249,0.861036052574427,0.9450000000000001,-0.03352692871299019
0.10543929148781836,0.9545136527384219,1.145,-0.08486310990738144
0.10669288280028043,0.9490274586743093,0.944,-0.021961951646691773
0.10714596999756337,0.9330134615333097,1.028,-0.023711747289743637
0.1082455801187022,1.0429418547249654,1.008,-0.05917832364640495
0.1066530244622867,1.1183743731296083,1.054,-0.023202484248741693
0.10575230009134258,0.9844105836345958,0.977,-0.017610709141519052
0.10728003431076423,1.0690860773358137,1.074,-0.05350630909393613
0.1092699857470305,1.1382513109899266,1.028,-0.053418676012301956
0.10650088073652841,0.9495395392054915,0.984,-0.043049028017232566
0.10979059235618448,1.0147120981586903,1.0979999999999999,-0.021492862328240884
0.11276782356350593,1.0781427077767232,1.092,0.010692952965000219
0.12028870746886945,1.3465853356884274,1.169,-0.008206489091962652
0.16689628653443545,2.3899486964238736,1.584,-0.13497993812221945
0.1717619405135619,2.385963138816231,1.75,-0.09729404116025138
0.1737544359258383,2.6277418580638514,1.782,-0.04025781782255489
0.17177918437224501,2.619835564565922,1.76,-0.14177004517072764
0.16911726137713776,2.508039128205911,1.6669999999999998,-0.11685003646639242
0.1736918046931925,2.507311701072103,1.6949999999999998,-0.015042104944590578
0.16859953520542212,2.468160828379805,1.643,-0.12751977046929225
0.16686560557006835,2.687473540284625,1.662,-0.0789165835901393
0.17252337180324112,2.222416729050244,1.526,-0.09168992633225394
0.16982476952361808,2.5484724704412347,1.722,-0.018110490803440436
0.1688369467847881,2.249619206863973,1.641,-0.03884392931378853
0.16849347762436717,2.2962846226171463,1.569,-0.05480114094089689
0.16950951531182548,2.236903617851569,1.492,-0.10022116431482599
0.16993603015753642,2.385052098682162,1.699,-0.10500764480582106
0.16509543064755947,2.7599757678058046,1.601,-0.08652328841130161
0.1655270049130013,2.51078103913584,1.592,-0.10885175221734253
0.16503688256696403,2.3744789542971656,1.623,-0.12874313449949498
0.16810142507227036,2.3714839632363143,1.499,-0.09562683039987031
0.16409903551523772,2.5167965315732292,1.619,-0.11030212931889478
0.16516423703487537,2.3430157717228868,1.563,-0.09968509411899075
0.16412790006005987,2.5792370392219395,1.553,-0.09652654637888351
0.1638367454217479,2.5327965967714716,1.5750000000000002,-0.12136556322221422
0.16321589900343655,2.6251046733413244,1.553,-0.12755461596650333
0.16847889623499585,2.3993170851789802,1.634,-0.10012275967201814
0.16697350674021613,2.3053471020609484,1.662,-0.10277930902988897
0.16563809588555933,2.662004836053092,1.611,-0.06898887963457338
0.16415866735084764,2.449071480634581,1.631,-0.05991510655564942
0.16524972475984076,2.3496086692933744,1.682,-0.07834785549208087
0.16630584896626646,2.5562534261703194,1.704,-0.050674961492964965
0.1575511747218979,2.757837907080085,1.613,-0.10128301051546493
0.16212426031057164,2.5407402689304712,1.57,-0.07638589139734323
0.1558261737820283,2.46498066165971,1.526,-0.08741157565823793
0.15678997088686228,2.3987033735605676,1.604,-0.08236065782798214
0.15417651476498656,2.3818682207922164,1.538,-0.05084349306933953
0.15502766606671775,2.386599763607027,1.552,-0.07975494282638088
0.15479955490008887,2.327105347581628,1.545,-0.04515016967453684
0.1450686467016887,2.26123531877003,1.472,-0.18093913722058896
0.14251295959436022,2.399448569135596,1.446,-0.08435391152030722
0.14808891668890603,2.1593087071614088,1.4500000000000002,-0.0547683334006555
0.1452710145754522,2.205290738277462,1.557,-0.16540568358225796
0.1439164398197462,2.0279362962567413,1.428,-0.0942870865313803
0.13972712158296033,2.3435063612543576,1.3900000000000001,-0.10367357294268444
0.13942111694991724,1.9873835565149376,1.377,-0.1211475833837707
0.1397635746076544,2.072451250823515,1.375,-0.16083703744120584
0.14242094915360065,2.000610245854107,1.443,-0.07640178197084918
0.13856824279089436,2.2260007849082273,1.491,-0.1446712248662307
0.14059532065276256,2.089211856633855,1.4249999999999998,-0.1316809966344466
0.1344781462772739,2.515220692159634,1.433,-0.06837304851261948
0.14053554724361556,2.0302124304922984,1.367,-0.045320322295297547
0.1395541734739036,2.175739666773458,1.4409999999999998,-0.09140749744398063
0.13509444305715124,2.223813709131562,1.353,-0.0877291526027167
0.135658014414925,2.1128744124830856,1.487,-0.1734000906445703
0.13497136089451994,2.2546410521326736,1.484,-0.10347626720326093
0.13189689984036773,2.2805364312324974,1.459,-0.1824722775780556
0.12851723194284104,1.946243322827339,1.3210000000000002,-0.1313780762172968
0.12589233138504702,1.998323593241631,1.264,-0.10751985714176607
0.12576345778664455,1.9100190256431029,1.3519999999999999,-0.1225319256716147
0.12436039114109293,2.081025081578109,1.45,-0.13353655071243578
0.12274867278273063,1.8506896762328866,1.3210000000000002,-0.07869443976687156
0.12051210248644377,1.8370808344243121,1.565,-0.07788530365134211
0.1166632473457258,1.4954431175997502,1.276,-0.11931342268298066
0.11792317642053819,1.7742718033580802,1.448,-0.10916709403248799
0.11285861527156722,1.4252491220698804,1.206,-0.07586173533162265
0.11249116241329249,1.5529669477773043,1.162,-0.16299160468191287
0.11132827171042965,1.3315768216817174,1.175,-0.10001594754888488
0.1111174328659493,1.3873173209212863,1.1989999999999998,-0.16419515447300084
0.11086750498730173,1.6100288340414615,1.213,-0.18890400477691469
0.11017193970711474,1.3695843103358332,1.224,-0.1317423183220721
0.11003507652747033,1.2744723089655716,1.096,-0.15479758567764001
0.1070069605194418,1.2226722115552695,1.101,-0.1516076561422058
0.1072848457833893,1.0738601123029525,1.028,-0.15021976874710816
0.10781778904599011,1.2337454208669252,1.306,-0.13989038296716233
0.10573701784786335,1.153461954493464,1.087,-0.11335051621995888
0.10385260668859317,0.9437626729182176,1.169,-0.14031952027503986
0.10678984226112637,1.1760824616639525,1.218,-0.12763729784165118
0.1052975265226913,0.8804305397069774,1.0430000000000001,-0.1384069149547524
0.10424662858007687,1.0337229619269293,1.009,-0.09989271564759178
0.10346354326600385,1.0008925414701384,1.005,-0.12434250394018048
0.10303147274012928,0.9089595537940993,1.042,-0.08752408077391764
0.09932441224184264,0.7722742104765588,1.0150000000000001,-0.11871840670726168
0.10277105523892355,0.9273599159890513,1.03,-0.0743633464634356
0.10151048547864094,0.9672530341002665,1.3079999999999998,-0.11115552029310105
0.10050111138028213,0.6656700407210692,0.966,-0.12078054706206236
0.09937990578496302,0.7492883433609818,0.871,-0.11017565143450554
0.10260710653042934,0.8227182307612142,1.021,-0.06995199074410709
0.10001234542935812,0.6531682393752098,0.918,-0.1563511373776492
0.10276615596829532,0.6416007424119714,0.992,-0.06649621338019894
0.10079244075465804,0.6889882544454977,0.952,-0.05381105836129127
0.10071724420996633,0.8698785616280142,0.981,-0.04304144520512491
0.10212575566772138,0.8126987608469922,1.0670000000000002,-0.06798227341826528
0.1027555945291119,0.7648522205464707,1.1280000000000001,-0.06600698414197802
0.10324720860141631,0.831036873854631,0.9690000000000001,-0.07617494097857967
0.10473901018200549,0.8678155426467002,1.0250000000000001,-0.047416360407730646
0.10546040777193058,1.040542358713652,1.048,-0.004060912691759949
0.10417618977302347,0.9784521946730997,1.084,-0.03323103677313457
0.10512936366909462,0.8682347333715397,1.072,-0.007914843278749731
0.10303119336706057,0.9841217553292885,1.125,-0.010640058877359871
0.10615366979680035,0.9651605101935341,1.079,-0.009901835832221319
0.10578920644929649,0.8527960182725858,1.03,-0.028721391094743
0.10624512879458581,1.0622048878515784,1.021,-0.01629652735245218
0.10636952169904862,0.9437848507192914,1.013,0.023696749371096844
0.10593802474980654,1.0371035222071328,1.0619999999999998,0.041962989891836194
0.1089140454078783,1.0077068474045818,1.126,0.04310905379303245
0.1074263562701648,0.907783306322616,1.045,0.026898858905611597
0.10872704274567,1.0613031616076043,1.094,0.08067374781461374
0.1102030913263808,1.0311089752787002,1.052,0.047603126952515826
0.10984870721388805,0.9169519991882567,1.1280000000000001,-0.01842725396464408
0.10855998823195347,0.8940783735861797,0.9670000000000001,-0.003635936097120662
0.10971438572742807,0.8491577144284199,0.981,-0.006497015187994287
0.11021514449553597,0.9068655570690551,1.013,0.032006644970355554
0.10842924185053242,1.0132164290253645,1.17,0.00732024194582397
0.10878737571627682,0.832879097363981,1.0030000000000001,-0.03151961686457739
0.10945516459555768,0.8231602798627131,0.976,0.021225338649952564
0.11022510370295927,0.8278251510567718,1.0230000000000001,0.008109715646360031
0.11007236278388924,0.9093675162758359,1.142,-0.008161160540530824
0.11049097592889091,0.8805146345458263,1.1179999999999999,0.00496212071206547
0.11108235613161074,0.9108341585129689,1.128,0.006291830059678425
0.11181097024177122,0.7826017423242178,1.018,-0.03306840892335057
0.11377855346468255,1.0530577911013372,1.275,0.07035327636011685
0.11121312854576791,1.004246892276277,1.162,-0.053256316135914486
0.11279849657720675,0.9871710975558337,1.091,0.044371431537789864
0.13760685088379956,1.4347239113785095,1.27,0.011724340206559424
0.13716050862749496,1.4283782385626402,1.3199999999999998,-0.0752903961382784
0.13582555879463556,1.526033326725111,1.428,0.008240143604304192
0.14128292273948928,1.3186391662809234,1.338,-0.06117649235374959
0.1392439846307889,1.6548803386845394,1.37,-0.03807723632182042
0.14149214397499468,1.3532544021028956,1.292,-0.004010476778414351
0.1454615141527455,1.4386361950716484,1.5070000000000001,-0.03334463389288685
0.14226609709559232,1.4864474321560541,1.304,-0.052912811945126766
0.14848516833288014,1.621963343802082,1.3639999999999999,-0.09141863890396598
0.14734120640036724,1.7908826278942165,1.3940000000000001,-0.029543876381156863
0.1502073183189238,1.6051862247538837,1.391,-0.02676941838240247
0.1523604708772505,1.8120062480535166,1.44,-0.03303387139286527
0.15797473112440522,1.7405612283734522,1.5550000000000002,-0.03160567874979951
0.1564260849997831,2.0437957493316805,1.56,-0.06023607568506899
0.15855086181175426,1.7229279768259573,1.514,-0.05049662488855489
0.16185369038067607,1.6787726634016416,1.4140000000000001,-0.060760454993142164
0.16324842971583983,2.015574023814369,1.584,-0.039252101488976836
0.16117788570347902,1.7982985135627825,1.673,-0.059566430300703306
0.16386026151185765,1.939728094187526,1.4969999999999999,-0.052751251603751305
0.1641407356615524,1.7157656168539202,1.487,-0.07859086601659562
0.16522868178726188,1.9835988531006405,1.5350000000000001,-0.0734290348484154
0.16665703036921176,2.0716697030842974,1.724,-0.03787254339202753
0.1676587770662298,2.182797878586589,1.604,-0.05120165690074913
0.16649171030297388,2.2474936969184105,1.682,-0.01854646166388199
0.16421813585161088,2.0495516083694723,1.572,-0.07263243082147182
0.1702835500051128,1.7646920360508087,1.516,-0.08757956897281922
0.1736250683382695,1.9494268581178105,1.694,-0.028581809362736663
0.17298654888097514,1.8545604910455502,1.499,-0.09797194493658304
0.173294136130417,1.9509461370828323,1.665,-0.09410014106736488
0.1684884876155768,1.9241748958478642,1.591,-0.0995589811901196
0.16292540036465886,1.8549342732008274,1.48,-0.08996250220827723
0.16105745377960237,1.8677091979007807,1.404,-0.11142088367689172
0.1632516828791992,1.8863280158958942,1.509,-0.1451100287242592
0.16558045303048682,2.0430306658271924,1.506,-0.1021927338639178
0.17137651092286174,1.9713531829950464,1.558,-0.08938888484142997
0.1615881583228061,1.6576391816864087,1.5259999999999998,-0.17045752406574602
0.1604859989512325,1.986168127812193,1.557,-0.10381598227992021
0.16264127827950267,1.7379029389884169,1.5550000000000002,-0.1503430765964504
0.159670972878849,1.9307748803245355,1.587,-0.22383031078533255
0.16523961989311728,1.69861857480148,1.506,-0.16736820820402284
0.16352310019344363,1.7980263016047227,1.478,-0.1687032906391292
0.16181308058026397,1.8630282944896983,1.447,-0.15426671340734116
0.16014388473606908,1.8031734159759187,1.5990000000000002,-0.11948381501963526
0.15362154742738524,1.990564563684032,1.553,-0.24608967251770336
0.1511838291462169,1.9105034401115963,1.521,-0.25043209451301246
0.14981626670535897,2.010811648881112,1.591,-0.20062390523876647
0.149335195075646,1.8523326844643861,1.6429999999999998,-0.22665945557698428
0.1498185816975818,1.8254492498206778,1.572,-0.22178157844409632
0.149862981364958,2.1445952988347967,1.572,-0.18164674653400614
0.16718367533592543,2.3497359381237013,1.689,-0.2521962752753318
0.16999917035068693,2.208771260452232,1.724,-0.2762069338204943
0.16036722810961876,2.1607694501256915,1.7970000000000002,-0.31139517801781563
0.1594284300757122,2.313065513511793,1.668,-0.2831389029707147
0.15939881317194618,1.936476227521859,1.624,-0.22604644477064814
0.15437217640383338,2.0171449362299043,1.5699999999999998,-0.21670317147586188
0.150218535631478,1.9597930001146162,1.499,-0.23702971479099433
0.1537879396152174,2.32552999855893,1.7349999999999999,-0.2185303987665543
0.15559491551581947,2.144010282578053,1.584,-0.2199138131342727
0.15190021604581616,2.414229357022534,1.714,-0.2740082488105488
0.1502383227185436,2.7036891974098145,1.565,-0.26403348546914696
0.15197789499268058,2.343674913587944,1.558,-0.2527717458256552
0.15546296424535694,2.4559821639033332,1.795,-0.2826622077258264
0.15592530873561505,2.2423973572547427,1.5030000000000001,-0.23520174949431114
0.15534268396963735,2.618462189983938,1.8279999999999998,-0.12829510585053375
0.154439128886594,2.7853960757318905,1.684,-0.17138637780140756
0.1553537588243663,2.6170959326173717,1.643,-0.28747811543416607
0.1636656377093154,2.8274439584781,1.763,-0.25570193627906707
0.1562463933958757,2.9870475907345915,1.787,-0.2771150763053448
0.145387459832554,2.5016785353673443,1.609,-0.2866678268455899
0.13575110964383036,1.8582353224564452,1.462,-0.2551144574186017
0.1319658662069476,1.7291334310415376,1.411,-0.18390747950537767
0.12557964588633583,1.1705994375263566,1.2229999999999999,-0.18911035886306132
0.12250529265511603,0.7582545887010923,1.291,-0.1334454920135072
0.12193231444797815,0.8540642536757233,1.123,-0.12125147613900297
0.11888064914120539,0.7447000410765416,1.115,-0.06286950405750541
0.12123167830323371,0.7451340240399658,1.123,0.003463769331363249
0.12019822474738083,0.6220974835329587,1.194,0.015138673612760719
0.12071113848803731,0.6551291462480338,1.184,-0.038150735469352735
0.12601823908478982,0.6517192411772115,1.13,-0.009078664016104989
0.12889697940148995,0.7083926008050154,1.2970000000000002,-0.029186359932395618
0.14386658265043908,0.8917511732437964,1.3479999999999999,-0.05089334577279734
0.1530643899497957,0.9435163586508755,1.294,-0.11229076153664291
0.16624198964489614,1.3486509237945565,1.611,-0.15383526868303238
0.17545500989725793,1.1838736559423841,1.48,-0.19585160860994552
0.18285186194832348,1.3862938680188774,1.78,-0.14751020341153545
0.18304781036359397,1.2342713199347317,1.47,-0.18562572147795472
0.18434091303017047,1.3039774763408225,1.5030000000000001,-0.19074946371136653
0.1736957100996776,1.020917148298862,1.4969999999999999,-0.12468499976447467
0.16510211595072383,1.0678221904600482,1.396,-0.2019817934255293
0.17317741069831213,1.146770361510118,1.492,-0.22197380866331132
0.17769195249213945,1.3532294162545364,1.6920000000000002,-0.28179817428130083
0.1765543943106221,1.3405787092114876,1.552,-0.2645227929346292
0.19303768417012682,1.8307962570664102,1.772,-0.3603299841166449
0.17691763882590783,1.3686049383747134,1.385,-0.339340281802593
0.17101502598113455,1.6972990335325884,1.5950000000000002,-0.3345018036569162
0.17515580745372283,1.7455054948068334,1.6360000000000001,-0.32927106949531304
0.16993852734495457,2.255903683008439,1.8330000000000002,-0.4508046224299318
0.17552127358377032,2.0638266632173696,1.746,-0.485751450986362
0.16959605990457519,2.1153796518807866,1.621,-0.4971976081974251
0.18459811645737173,2.411707871709206,1.762,-0.5200961364134796
0.17965330544203745,2.0089294306640975,1.8090000000000002,-0.43435237496733586
0.17156891922189388,1.3141253632852585,1.7429999999999999,-0.2936297895844156
0.1692448004821252,1.0769826776554003,1.658,-0.17674922855122624
0.1579695922949849,0.7116730210735773,1.4020000000000001,-0.0888442808848646
0.1509290111484535,0.8791589930309289,1.3599999999999999,0.0068667219767626075
0.1583352741280449,0.5097211008931195,1.343,0.07675141793007388
0.1705056983331129,0.36023657648302043,1.4089999999999998,0.06812107091848288
0.1677026281379484,0.3981921052115944,1.35,-0.0004318605387258079
0.17962051482417907,0.5306651783109202,1.674,0.0025743387079131337
0.19204555988179603,0.7575828455999747,1.782,-0.005630142446151154
0.19999621285476882,0.8614391353394919,1.701,-0.03925099681109741
0.22445728524686076,1.432010607791831,1.9939999999999998,-0.10669949193269504
0.26592951772685464,2.1891832853224065,2.38,-0.11126236902747347
0.2011581127574153,1.8169613224526344,2.033,-0.1629971934362397
0.19690958785954438,1.4290510108228043,1.865,-0.1360041367956633
0.19559759904444923,1.1912963429579317,1.787,-0.12754117994971734
0.16647280153930175,0.7073995486969831,1.433,-0.044844791163121185
0.16240046470838684,0.8370119299601693,1.4820000000000002,-0.024822470298441736
0.17006932323917578,0.8084666871764297,1.541,-0.045515909839007655
0.16308295465086547,0.23894680872769847,1.416,0.11724578359870536
0.19798816462121702,0.6923372169713664,1.6429999999999998,-0.00400443183416044
0.18847632684570761,0.6436077190247782,1.589,-0.054041601113885736
0.21543727935965637,1.459360815298072,2.073,-0.08008344210615188
0.18385103886621773,0.8860869364057478,1.7309999999999999,-0.14668299589762765
0.16387582177044147,0.264837372909283,1.4209999999999998,0.1206199662153262
0.1583213382414958,0.3272809091241333,1.343,0.053997628379364636
0.16120348893169156,0.5967169390549398,1.362,-0.25057567257021157
0.18293621668494187,0.9123565017035284,1.5870000000000002,-0.42328067077253967
0.21442471646991426,1.374674721529777,1.992,-0.2926963163976671
0.23728752594838,1.252736493216303,2.377,-0.17985512491860645
0.198759839575617,0.3933957321560184,1.452,-0.19095076558812793
0.2361434556379342,0.612917766974324,1.799,-0.19320966221280628
0.20298839432938495,0.5615680660538103,1.587,-0.22015049062515202
0.2210419021583139,0.46597368504944825,1.814,-0.11281530962557947
0.20722116595824314,0.16907884603970835,1.489,-0.16100585416096724
0.2615312065920325,0.8204043276750212,2.058,-0.10261902910552326
0.201622636741226,0.5013473530752228,1.538,-0.26485627011842683
0.22289943638384188,0.5713784691198787,1.9529999999999998,-0.04142505846092857
0.25924244834032173,0.16861549031199186,2.368,-0.08595975471097257
0.2316656449388253,0.2934607781314713,1.948,0.019683317091084427
0.23457642022127487,0.4467166795556161,1.9949999999999999,0.08979501389894619
0.24749721490699397,0.1626857411278535,1.936,0.11967413038475433
0.2971881006007338,0.4672789493564786,2.271,-0.16701636967513092
0.29165111235496877,0.17404002726836953,2.192,-0.02716873843738546
0.3437355161721363,-0.26431290673250407,2.385,-0.06270234578738515
0.3148111378891517,-0.2586442380351408,2.1109999999999998,0.007877803991264328
0.3257155681690027,1.5968266934729112,3.9399999999999995,-0.12227971997828763
0.35309010723627615,2.2380940570024253,4.556,-0.2796434434861779
0.429678447916015,6.024630353873824,6.609,-0.08939393857183117
0.41556983063121816,2.7117898700932344,4.8,-0.06559331171862061
0.371681086587619,8.789803488288598,6.689,-0.07201219072369414
0.4476727901067398,3.1626183717417335,5.193,-0.46868927980418196
0.6721374879698163,14.113747690352604,9.998000000000001,-0.766122769376327
0.530956128967989,9.799146005755407,8.347000000000001,-0.416476335904436
0.4459182473835416,1.6249674604502236,5.869,-0.15932340135862963
0.38697483181595205,0.4692649902650845,3.894,-0.12404321325583494
0.7250014697250727,12.581068869021838,9.998000000000001,-0.5105938405499946
0.46201166565273954,3.7611828296472707,5.569,-0.3253917064524649
0.4838353953514789,4.893242745309245,7.197,-0.3771230073110954
0.002103011233921493,3.6386938853060995,0.005,0.5797407131862122
0.001532732063383878,-1.6098740898212898,0.007,0.317055499111218
